{"cameraMode":{"drawMode":0,"name":"Shaded","section":"Shading Mode"},"sceneLighting":true,"audioPlay":false,"sceneViewState":{"showFog":false,"showMaterialUpdate":false,"showSkybox":false,"showFlares":false,"showImageEffects":false,"showParticleSystems":false},"in2DMode":false,"pivot":{"x":-1.4185292720794678,"y":11.650605201721192,"z":16.012508392333986},"rotation":{"x":-0.08299046754837036,"y":0.026603788137435914,"z":-0.002126469975337386,"w":-0.9962425827980042},"size":954.8272705078125,"orthographic":false}